Workbook
Name W: Daftar!$C$175

Sheet Daftar

Sheet Hasil
C1: I
A2: =($F$2*10)-9 -> 1 | B2: =IF(ISTEXT(VLOOKUP(A2,Daftar!$A$2:$E$29893,2,FALSE)),VLOOKUP(A2,Daftar!$A$2:$E$29893,2,FALSE),"") | C2: I | D2: =IF(ISTEXT(VLOOKUP(E2,Daftar!$A$2:$E$29893,2,FALSE)),VLOOKUP(E2,Daftar!$A$2:$E$29893,2,FALSE),"") | E2: =($F$2*10)-8 -> 2 | F2: 1
B3: =IF(ISTEXT(VLOOKUP(A2,Daftar!$A$2:$E$29893,3,FALSE)),VLOOKUP(A2,Daftar!$A$2:$E$29893,3,FALSE),"") | C3: I | D3: =IF(ISTEXT(VLOOKUP(E2,Daftar!$A$2:$E$29893,3,FALSE)),VLOOKUP(E2,Daftar!$A$2:$E$29893,3,FALSE),"")
B4: =IF(ISTEXT(VLOOKUP(A2,Daftar!$A$2:$E$29893,4,FALSE)),VLOOKUP(A2,Daftar!$A$2:$E$29893,4,FALSE),"") | C4: I | D4: =IF(ISTEXT(VLOOKUP(E2,Daftar!$A$2:$E$29893,4,FALSE)),VLOOKUP(E2,Daftar!$A$2:$E$29893,4,FALSE),"")
B5: =IF(ISTEXT(VLOOKUP(A2,Daftar!$A$2:$E$29893,5,FALSE)),VLOOKUP(A2,Daftar!$A$2:$E$29893,5,FALSE),"") | C5: I | D5: =IF(ISTEXT(VLOOKUP(E2,Daftar!$A$2:$E$29893,5,FALSE)),VLOOKUP(E2,Daftar!$A$2:$E$29893,5,FALSE),"")
C6: I
A7: =($F$2*10)-7 -> 3 | B7: =IF(ISTEXT(VLOOKUP(A7,Daftar!$A$2:$E$29893,2,FALSE)),VLOOKUP(A7,Daftar!$A$2:$E$29893,2,FALSE),"") | C7: I | D7: =IF(ISTEXT(VLOOKUP(E7,Daftar!$A$2:$E$29893,2,FALSE)),VLOOKUP(E7,Daftar!$A$2:$E$29893,2,FALSE),"") | E7: =($F$2*10)-6 -> 4
B8: =IF(ISTEXT(VLOOKUP(A7,Daftar!$A$2:$E$29893,3,FALSE)),VLOOKUP(A7,Daftar!$A$2:$E$29893,3,FALSE),"") | C8: I | D8: =IF(ISTEXT(VLOOKUP(E7,Daftar!$A$2:$E$29893,3,FALSE)),VLOOKUP(E7,Daftar!$A$2:$E$29893,3,FALSE),"") | I8: CATATAN
B9: =IF(ISTEXT(VLOOKUP(A7,Daftar!$A$2:$E$29893,4,FALSE)),VLOOKUP(A7,Daftar!$A$2:$E$29893,4,FALSE),"") | C9: I | D9: =IF(ISTEXT(VLOOKUP(E7,Daftar!$A$2:$E$29893,4,FALSE)),VLOOKUP(E7,Daftar!$A$2:$E$29893,4,FALSE),"") | I9: 16 X 19,5
B10: =IF(ISTEXT(VLOOKUP(A7,Daftar!$A$2:$E$29893,5,FALSE)),VLOOKUP(A7,Daftar!$A$2:$E$29893,5,FALSE),"") | C10: I | D10: =IF(ISTEXT(VLOOKUP(E7,Daftar!$A$2:$E$29893,5,FALSE)),VLOOKUP(E7,Daftar!$A$2:$E$29893,5,FALSE),"")
C11: I
A12: =($F$2*10)-5 -> 5 | B12: =IF(ISTEXT(VLOOKUP(A12,Daftar!$A$2:$E$29893,2,FALSE)),VLOOKUP(A12,Daftar!$A$2:$E$29893,2,FALSE),"") | C12: I | D12: =IF(ISTEXT(VLOOKUP(E12,Daftar!$A$2:$E$29893,2,FALSE)),VLOOKUP(E12,Daftar!$A$2:$E$29893,2,FALSE),"") | E12: =($F$2*10)-4 -> 6
B13: =IF(ISTEXT(VLOOKUP(A12,Daftar!$A$2:$E$29893,3,FALSE)),VLOOKUP(A12,Daftar!$A$2:$E$29893,3,FALSE),"") | C13: I | D13: =IF(ISTEXT(VLOOKUP(E12,Daftar!$A$2:$E$29893,3,FALSE)),VLOOKUP(E12,Daftar!$A$2:$E$29893,3,FALSE),"")
B14: =IF(ISTEXT(VLOOKUP(A12,Daftar!$A$2:$E$29893,4,FALSE)),VLOOKUP(A12,Daftar!$A$2:$E$29893,4,FALSE),"") | C14: I | D14: =IF(ISTEXT(VLOOKUP(E12,Daftar!$A$2:$E$29893,4,FALSE)),VLOOKUP(E12,Daftar!$A$2:$E$29893,4,FALSE),"")
B15: =IF(ISTEXT(VLOOKUP(A12,Daftar!$A$2:$E$29893,5,FALSE)),VLOOKUP(A12,Daftar!$A$2:$E$29893,5,FALSE),"") | C15: I | D15: =IF(ISTEXT(VLOOKUP(E12,Daftar!$A$2:$E$29893,5,FALSE)),VLOOKUP(E12,Daftar!$A$2:$E$29893,5,FALSE),"")
C16: I
A17: =($F$2*10)-3 -> 7 | B17: =IF(ISTEXT(VLOOKUP(A17,Daftar!$A$2:$E$29893,2,FALSE)),VLOOKUP(A17,Daftar!$A$2:$E$29893,2,FALSE),"") | C17: I | D17: =IF(ISTEXT(VLOOKUP(E17,Daftar!$A$2:$E$29893,2,FALSE)),VLOOKUP(E17,Daftar!$A$2:$E$29893,2,FALSE),"") | E17: =($F$2*10)-2 -> 8
B18: =IF(ISTEXT(VLOOKUP(A17,Daftar!$A$2:$E$29893,3,FALSE)),VLOOKUP(A17,Daftar!$A$2:$E$29893,3,FALSE),"") | C18: I | D18: =IF(ISTEXT(VLOOKUP(E17,Daftar!$A$2:$E$29893,3,FALSE)),VLOOKUP(E17,Daftar!$A$2:$E$29893,3,FALSE),"")
B19: =IF(ISTEXT(VLOOKUP(A17,Daftar!$A$2:$E$29893,4,FALSE)),VLOOKUP(A17,Daftar!$A$2:$E$29893,4,FALSE),"") | C19: I | D19: =IF(ISTEXT(VLOOKUP(E17,Daftar!$A$2:$E$29893,4,FALSE)),VLOOKUP(E17,Daftar!$A$2:$E$29893,4,FALSE),"")
B20: =IF(ISTEXT(VLOOKUP(A17,Daftar!$A$2:$E$29893,5,FALSE)),VLOOKUP(A17,Daftar!$A$2:$E$29893,5,FALSE),"") | C20: I | D20: =IF(ISTEXT(VLOOKUP(E17,Daftar!$A$2:$E$29893,5,FALSE)),VLOOKUP(E17,Daftar!$A$2:$E$29893,5,FALSE),"")
C21: I
A22: =($F$2*10)-1 -> 9 | B22: =IF(ISTEXT(VLOOKUP(A22,Daftar!$A$2:$E$29893,2,FALSE)),VLOOKUP(A22,Daftar!$A$2:$E$29893,2,FALSE),"") | C22: I | D22: =IF(ISTEXT(VLOOKUP(E22,Daftar!$A$2:$E$29893,2,FALSE)),VLOOKUP(E22,Daftar!$A$2:$E$29893,2,FALSE),"") | E22: =($F$2*10)-0 -> 10
B23: =IF(ISTEXT(VLOOKUP(A22,Daftar!$A$2:$E$29893,3,FALSE)),VLOOKUP(A22,Daftar!$A$2:$E$29893,3,FALSE),"") | C23: I | D23: =IF(ISTEXT(VLOOKUP(E22,Daftar!$A$2:$E$29893,3,FALSE)),VLOOKUP(E22,Daftar!$A$2:$E$29893,3,FALSE),"")
B24: =IF(ISTEXT(VLOOKUP(A22,Daftar!$A$2:$E$29893,4,FALSE)),VLOOKUP(A22,Daftar!$A$2:$E$29893,4,FALSE),"") | C24: I | D24: =IF(ISTEXT(VLOOKUP(E22,Daftar!$A$2:$E$29893,4,FALSE)),VLOOKUP(E22,Daftar!$A$2:$E$29893,4,FALSE),"")
B25: =IF(ISTEXT(VLOOKUP(A22,Daftar!$A$2:$E$29893,5,FALSE)),VLOOKUP(A22,Daftar!$A$2:$E$29893,5,FALSE),"") | C25: I | D25: =IF(ISTEXT(VLOOKUP(E22,Daftar!$A$2:$E$29893,5,FALSE)),VLOOKUP(E22,Daftar!$A$2:$E$29893,5,FALSE),"")
C26: I
B1773: HJ.SITTI MALKA | C1773: WIRASWASTA | D1773: JL.SOEKAWATI
B1774: A.AWALUDDIN | D1774: TEMPAT
B1775: BRIGADIR A.SUTRISNO | C1775: ANGGOTA TIM SUS SEK KOTA | D1775: TEMPAT
B1776: BRIGADIR A.HERMANSYAH | C1776: ANGGOTA TIM SUS SEK KOTA
B1777: BRIGADIR A.SYAMSUALAM KARIM | C1777: ANGGOTA TIM SUS SEK KOTA
B1778: DG. MASALLE | D1778: TEMPAT
B1779: SYAKUR
B1780: BRIGADIR IMRAN.BM | C1780: ANGGOTA TIM SUS SEK KOTA | D1780: TEMPAT
B1781: AIPTU HERMAN | C1781: KA TIM SUS SEK KOTA | D1781: TEMPAT
B1782: H.BUHERA | D1782: DONCIS COMMUNITY
